game_date,event_id,commence_time,home_team,away_team,home_score,away_score,completed
2026-03-08,263bd2c6880e1a466ec715a48e271d17,2026-03-06T00:10:00Z,Pittsburgh Penguins,Buffalo Sabres,1,5,True
2026-03-08,54ef90561bb89558c4f43a7dd8d0e736,2026-03-06T00:10:00Z,Columbus Blue Jackets,Florida Panthers,4,2,True
2026-03-08,aeb8a9998a36ec00c2a6d166761c8b19,2026-03-06T00:12:00Z,Philadelphia Flyers,Utah Mammoth,0,3,True
2026-03-08,51d66e2f90e0586a8431c2cafe09675c,2026-03-06T00:24:00Z,New York Rangers,Toronto Maple Leafs,6,2,True
2026-03-08,70a063119f871d868508fbfe39f19d7b,2026-03-06T01:10:00Z,Nashville Predators,Boston Bruins,6,3,True
2026-03-08,c3332d375178bc6234955c6bb23dc5f3,2026-03-06T01:15:00Z,Winnipeg Jets,Tampa Bay Lightning,4,1,True
2026-03-08,52524ba9961c5198d1a781bb0b6aa7b3,2026-03-06T02:10:00Z,Calgary Flames,Ottawa Senators,1,4,True
2026-03-08,1a002c913578d2316e3cbd402e01e68a,2026-03-06T02:45:00Z,Los Angeles Kings,New York Islanders,5,3,True
2026-03-08,7c70b7951bf3f78c870434b85394936a,2026-03-07T00:10:00Z,Detroit Red Wings,Florida Panthers,1,3,True
2026-03-08,cd285777668b760d245789f75671847a,2026-03-07T01:10:00Z,Dallas Stars,Colorado Avalanche,4,5,True
2026-03-08,82b2850e20f26b973018047b3f743718,2026-03-07T01:50:00Z,Chicago Blackhawks,Vancouver Canucks,3,6,True
2026-03-08,985af0d68076c08ba3805c2a2cfd57c9,2026-03-07T02:09:00Z,Edmonton Oilers,Carolina Hurricanes,3,6,True
2026-03-08,46348ad02f0568f7c64397411ce93f4e,2026-03-07T02:10:00Z,Anaheim Ducks,Montréal Canadiens,6,5,True
2026-03-08,ea2562aeabc044f5a61f3f0a40c67a7e,2026-03-07T03:09:00Z,Vegas Golden Knights,Minnesota Wild,2,4,True
2026-03-08,72aa32bc3c36b39a33946349eb00179c,2026-03-07T03:10:00Z,San Jose Sharks,St Louis Blues,2,3,True
2026-03-08,97df2ad273fb56b34417ab6cb86d1ab3,2026-03-07T17:39:00Z,Boston Bruins,Washington Capitals,3,1,True
2026-03-08,7cbe2fba8e50bda9c4f6429c12a3c3ea,2026-03-07T20:20:00Z,New Jersey Devils,New York Rangers,6,3,True
2026-03-08,75eec947c67c9b4bd4102a2f9d805366,2026-03-07T22:38:00Z,Buffalo Sabres,Nashville Predators,3,2,True
2026-03-08,a3bc9de758e4c1a689225be737e12fcf,2026-03-07T22:38:02Z,Pittsburgh Penguins,Philadelphia Flyers,3,4,True
2026-03-08,98c7f94bd7325ef6499ed43b5ff2a7eb,2026-03-08T00:08:52Z,Columbus Blue Jackets,Utah Mammoth,4,5,True
2026-03-08,8cfa65b43de86b07c728ff9a5c78ed0b,2026-03-08T00:15:04Z,Toronto Maple Leafs,Tampa Bay Lightning,2,5,True
2026-03-08,a8a88795963ae7288ccc62360f0e4647,2026-03-08T00:15:52Z,Los Angeles Kings,Montréal Canadiens,3,4,True
2026-03-08,368f50f7b8ac85e84393ae7f9059d0d8,2026-03-08T00:16:33Z,Winnipeg Jets,Vancouver Canucks,3,2,True
2026-03-08,8ecf2285e39ce306c4b4867c986b9631,2026-03-08T03:10:00Z,San Jose Sharks,New York Islanders,1,2,True
2026-03-08,dda6969bf62459c18c047cfd9d804eb4,2026-03-08T03:10:21Z,Seattle Kraken,Ottawa Senators,4,7,True
2026-03-08,466393dc569339fdc4d4a19b2a718d5c,2026-03-08T03:13:25Z,Calgary Flames,Carolina Hurricanes,5,4,True
2026-03-08,8077ef9c0798bec26eb6845df96739d9,2026-03-08T18:08:16Z,Colorado Avalanche,Minnesota Wild,3,2,True
2026-03-08,336e0ed6dae30b0a6e4587a4a64e6adb,2026-03-08T20:52:31Z,Pittsburgh Penguins,Boston Bruins,5,4,True
2026-03-09,59b851ed95389c719d12b7ff5e0a25d8,2026-03-08T22:08:40Z,Dallas Stars,Chicago Blackhawks,4,3,True
2026-03-09,5d28a66fa3c65c31a06893d2beca2819,2026-03-08T22:08:46Z,Buffalo Sabres,Tampa Bay Lightning,8,7,True
2026-03-09,a76475f4f0361a7b171974069c026e66,2026-03-08T23:09:15Z,New Jersey Devils,Detroit Red Wings,0,3,True
2026-03-09,df9f198484ecb37a60dc5cb18e5a434d,2026-03-09T01:12:23Z,Anaheim Ducks,St Louis Blues,0,4,True
2026-03-09,a396d2bcc52b4ef3ccba5c801939533f,2026-03-09T01:45:19Z,Vegas Golden Knights,Edmonton Oilers,2,4,True
2026-03-09,20c64d50a3991fcb83f976f0df24baac,2026-03-09T20:08:43Z,Columbus Blue Jackets,Los Angeles Kings,4,5,True
2026-03-10,d5625652eded2c51bb59d94f334a4440,2026-03-09T23:08:29Z,Washington Capitals,Calgary Flames,7,3,True
2026-03-10,bb64f1f944e476042cdca1472c77481d,2026-03-09T23:08:47Z,Philadelphia Flyers,New York Rangers,2,6,True
2026-03-10,24455f75252079e79c055b9546618d6a,2026-03-10T00:41:34Z,Chicago Blackhawks,Utah Mammoth,3,2,True
2026-03-10,9cbc20fdca591d161155996e06eb991a,2026-03-10T01:18:42Z,Vancouver Canucks,Ottawa Senators,0,2,True
2026-03-11,04e98f257c5fa2eeafc67c5ad5c9fea1,2026-03-10T23:08:00Z,Montréal Canadiens,Toronto Maple Leafs,3,1,True
2026-03-11,8fc0620abcbe6afb534142fccec7e7c4,2026-03-10T23:08:25Z,New York Rangers,Calgary Flames,4,0,True
2026-03-11,344ea3d659f8a570d2f7a539970633d6,2026-03-10T23:10:00Z,Boston Bruins,Los Angeles Kings,2,1,True
2026-03-11,e2c20ea45a96375034eca6e40b20c50d,2026-03-10T23:10:00Z,Buffalo Sabres,San Jose Sharks,6,3,True
2026-03-11,9fd0a6a9a633bce8cfdde33f0492caa6,2026-03-10T23:10:00Z,Carolina Hurricanes,Pittsburgh Penguins,5,4,True
2026-03-11,7d180045123423c1e02bae32045e1415,2026-03-10T23:10:00Z,Florida Panthers,Detroit Red Wings,4,3,True
2026-03-11,1e044bca539b0ab4da0ce5f1fd9665c3,2026-03-10T23:15:00Z,Tampa Bay Lightning,Columbus Blue Jackets,2,5,True
2026-03-11,da83c1a797b3d055567f7428ec20eb14,2026-03-10T23:40:00Z,St Louis Blues,New York Islanders,3,4,True
2026-03-11,0d72e89b9d5550033a1860b3143be68c,2026-03-11T00:10:00Z,Dallas Stars,Vegas Golden Knights,2,1,True
2026-03-11,5925b9b1ef7336392486a04887f6f7ab,2026-03-11T00:10:00Z,Minnesota Wild,Utah Mammoth,5,0,True
2026-03-11,4768653b3950b2d3d1520e980cd9b6ec,2026-03-11T00:40:00Z,Winnipeg Jets,Anaheim Ducks,1,4,True
2026-03-11,b1d8aad2e3f7396c1d386c294bbe73f8,2026-03-11T02:10:00Z,Seattle Kraken,Nashville Predators,2,4,True
2026-03-11,f763969d57aaf44533efbf0ad0447f03,2026-03-11T02:20:00Z,Colorado Avalanche,Edmonton Oilers,3,4,True
2026-03-12,ed179aba53c02071fe3d110de2ce57be,2026-03-11T23:37:00Z,Philadelphia Flyers,Washington Capitals,4,1,True
2026-03-12,5e443a2ce14df26c2dbb2db8ca06379f,2026-03-11T23:43:00Z,Ottawa Senators,Montréal Canadiens,2,3,True
2026-03-13,ea8a36a41ed2bca9ce6ccaec9b7ee2a0,2026-03-12T23:08:10Z,Buffalo Sabres,Washington Capitals,1,2,True
2026-03-13,448b15f545180b8cc1a6436f787788a3,2026-03-12T23:08:47Z,Florida Panthers,Columbus Blue Jackets,2,1,True
2026-03-13,89a445fd5e713a06a467b9954989408e,2026-03-12T23:08:57Z,Boston Bruins,San Jose Sharks,2,4,True
2026-03-13,2c21660ca2bd0d87616a83ced5052a0c,2026-03-12T23:10:00Z,Toronto Maple Leafs,Anaheim Ducks,6,4,True
2026-03-13,aa476403f92391bc308322a931bcca4b,2026-03-12T23:10:00Z,Carolina Hurricanes,St Louis Blues,1,3,True
2026-03-13,54a8349a42e1d73fdc790c95fe0a7430,2026-03-12T23:10:00Z,Tampa Bay Lightning,Detroit Red Wings,4,1,True
2026-03-13,7dcf225f5abf3746de85345b5984775e,2026-03-12T23:12:07Z,New Jersey Devils,Calgary Flames,4,5,True
2026-03-13,19bcc2714864ded3693363080c044260,2026-03-13T00:10:00Z,Dallas Stars,Edmonton Oilers,7,2,True
2026-03-13,5ebc7ccc141c27a444faf395a7cd7ab7,2026-03-13T00:10:00Z,Minnesota Wild,Philadelphia Flyers,2,3,True
2026-03-13,3f50b15504e8c39f1d5407a91e47d90c,2026-03-13T00:10:00Z,Winnipeg Jets,New York Rangers,3,6,True
2026-03-13,5a0b23210846f4347545bf94eebf0f47,2026-03-13T01:10:00Z,Utah Mammoth,Chicago Blackhawks,2,3,True
2026-03-13,c88083adc3bb8ed678614872e7db2101,2026-03-13T02:10:00Z,Seattle Kraken,Colorado Avalanche,1,5,True
2026-03-13,5e2875e2c1b7ebeeac7bef9304fa2ebc,2026-03-13T02:10:00Z,Vegas Golden Knights,Pittsburgh Penguins,6,2,True
2026-03-13,820eaa7b92cbb4d2132f0481b312741c,2026-03-13T02:14:00Z,Vancouver Canucks,Nashville Predators,4,3,True
2026-03-14,90b2b1e3281e09247576fe849a683e75,2026-03-13T23:10:00Z,New York Islanders,Los Angeles Kings,2,3,True
2026-03-14,5dbc5539eae23ae6f735c084b9f28cc8,2026-03-14T00:20:00Z,St Louis Blues,Edmonton Oilers,3,2,True
2026-03-14,a9fb7e50c2e1be30a12f6048e3813816,2026-03-14T17:08:00Z,Ottawa Senators,Anaheim Ducks,2,0,True
2026-03-15,f68267b5f4d2945c871d821c1be262f2,2026-03-14T19:22:00Z,Washington Capitals,Boston Bruins,2,3,True
2026-03-15,82e7149305143f19d8ba61d99f8bc389,2026-03-14T20:08:00Z,Winnipeg Jets,Colorado Avalanche,3,1,True
2026-03-15,1fee958390166dc50c6902e968f2dc0c,2026-03-14T22:09:00Z,Minnesota Wild,New York Rangers,2,4,True
2026-03-15,95a632998d5d7025e31824cb237c992f,2026-03-14T23:08:00Z,New Jersey Devils,Los Angeles Kings,6,4,True
2026-03-15,68ce016f127b0e8f3eb3aa2c67526118,2026-03-14T23:10:00Z,Tampa Bay Lightning,Carolina Hurricanes,2,4,True
2026-03-15,76ee9a295b1b046a49fb344e592b9b7c,2026-03-14T23:15:00Z,New York Islanders,Calgary Flames,3,2,True
2026-03-15,9a3af7aea7a36d27560ecd2a641e2943,2026-03-14T23:15:00Z,Montréal Canadiens,San Jose Sharks,2,4,True
2026-03-15,2077a7a7423aa57225a6fa2283322bed,2026-03-14T23:15:17Z,Buffalo Sabres,Toronto Maple Leafs,3,2,True
2026-03-15,d53b53862a9714a36122e0371d4f594c,2026-03-14T23:40:00Z,Philadelphia Flyers,Columbus Blue Jackets,1,2,True
2026-03-15,f32c93fecae58dc645384924c8baf7c3,2026-03-15T00:08:00Z,Dallas Stars,Detroit Red Wings,3,2,True
2026-03-15,1783a9758edc08a032ead5945c265c09,2026-03-15T01:08:00Z,Utah Mammoth,Pittsburgh Penguins,3,4,True
2026-03-15,3f24fac6ebd64df7d4212f47e1ca348f,2026-03-15T02:08:40Z,Vegas Golden Knights,Chicago Blackhawks,4,0,True
2026-03-15,a30d764f88e80e48ab6a6701f612d4b7,2026-03-15T02:10:08Z,Vancouver Canucks,Seattle Kraken,2,5,True
2026-03-15,a75f0e1a856bd60f28f5b0c57fc99270,2026-03-15T19:08:32Z,Winnipeg Jets,St Louis Blues,3,2,True
2026-03-16,86375ff5a0a406f1f278039808088533,2026-03-15T21:08:32Z,Ottawa Senators,San Jose Sharks,7,4,True
2026-03-16,7031b580a7cc254a4070f290e0cb2e4a,2026-03-15T23:08:46Z,Montréal Canadiens,Anaheim Ducks,3,4,True
2026-03-16,a4e162193979f1f5f466d64f91fb59f4,2026-03-15T23:38:13Z,Minnesota Wild,Toronto Maple Leafs,2,4,True
2026-03-16,5f08ff7521f7518d54f7690fbcec1d38,2026-03-16T00:08:07Z,Edmonton Oilers,Nashville Predators,3,1,True
2026-03-16,3e60bb8c3aaf40bb02f8ec3fe3db9abd,2026-03-16T00:08:44Z,Seattle Kraken,Florida Panthers,6,2,True
2026-03-17,a5511fee3fcd590001e5e72ee1a4606b,2026-03-16T23:08:00Z,New Jersey Devils,Boston Bruins,4,3,True
2026-03-17,4210d1bdce81a6c73f692336bb97d42a,2026-03-16T23:08:00Z,Detroit Red Wings,Calgary Flames,5,2,True
2026-03-17,0e274047f6a166b5b3aa6fb05edffe30,2026-03-16T23:08:00Z,New York Rangers,Los Angeles Kings,1,4,True
2026-03-17,095f4a82a3fef717e6d0e5e66f81fdd5,2026-03-17T00:08:00Z,Dallas Stars,Utah Mammoth,3,6,True
2026-03-17,87e2100553dcf91e4333415ec629a8a8,2026-03-17T01:50:50Z,Colorado Avalanche,Pittsburgh Penguins,2,7,True
2026-03-18,ac2572c449fcdbfd787a79d60b69e7ee,2026-03-17T23:08:07Z,Toronto Maple Leafs,New York Islanders,1,3,True
2026-03-18,31ff36b939589e06055491f1d8aec95a,2026-03-17T23:08:22Z,Montréal Canadiens,Boston Bruins,3,2,True
2026-03-18,67ba228ae7a60bbab128fd6274fe262c,2026-03-17T23:08:46Z,Columbus Blue Jackets,Carolina Hurricanes,5,1,True
2026-03-18,c0056bb3deb856d36e5c16024094563a,2026-03-17T23:38:10Z,Chicago Blackhawks,Minnesota Wild,3,4,True
2026-03-18,95d3df5719f8cf3e75b7ac785e4833f8,2026-03-18T00:08:55Z,Winnipeg Jets,Nashville Predators,3,4,True
2026-03-18,4b661c344ab22cd5a70faff8982191a2,2026-03-18T01:08:11Z,Edmonton Oilers,San Jose Sharks,5,3,True
2026-03-18,99a0d9c87d9951439455d009358c21f6,2026-03-18T02:08:09Z,Vancouver Canucks,Florida Panthers,5,2,True
2026-03-18,86347cbc349f3048f144432388c72927,2026-03-18T02:08:44Z,Vegas Golden Knights,Buffalo Sabres,0,2,True
2026-03-18,b04ac08fd99757e46ef19fd418ef1127,2026-03-18T02:20:48Z,Seattle Kraken,Tampa Bay Lightning,2,6,True
2026-03-19,c781e17c9b7e43ff86ca0cdcda2fd20c,2026-03-18T23:09:00Z,New York Rangers,New Jersey Devils,3,6,True
2026-03-19,ec0dcf609ea452b05d902d76b892c658,2026-03-18T23:10:00Z,Carolina Hurricanes,Pittsburgh Penguins,6,5,True
2026-03-19,069a610fbb90adb38785efe8ea88a213,2026-03-18T23:40:00Z,Washington Capitals,Ottawa Senators,4,1,True
2026-03-19,3823357462fd967d18f73586a4703358,2026-03-19T01:40:00Z,Calgary Flames,St Louis Blues,2,1,True
2026-03-19,cc0a178e1b67dd05da493c110f6a086a,2026-03-19T01:55:00Z,Colorado Avalanche,Dallas Stars,1,2,True
2026-03-19,aa034f3d5a318a5142817618dc54cbfa,2026-03-19T02:10:00Z,Anaheim Ducks,Philadelphia Flyers,2,3,True
2026-03-20,0373028254e45b674f987e50a4bbb233,2026-03-19T23:08:23Z,Boston Bruins,Winnipeg Jets,6,1,True
2026-03-20,c2d8bd5835815f4107370b4ba9ee1636,2026-03-19T23:09:23Z,Ottawa Senators,New York Islanders,3,2,True
2026-03-20,1571037e949c7a62c6aa0f3c594a698f,2026-03-19T23:12:48Z,Columbus Blue Jackets,New York Rangers,6,3,True
2026-03-20,259601128581caaa207c95135c0aff7e,2026-03-19T23:12:50Z,Detroit Red Wings,Montréal Canadiens,3,1,True
2026-03-20,c61de5d8abe10744c5fb337ec50dea3c,2026-03-19T23:39:00Z,Minnesota Wild,Chicago Blackhawks,1,2,True
2026-03-20,b6caa925af28045747ada8a612592aea,2026-03-20T00:10:20Z,Nashville Predators,Seattle Kraken,3,1,True
2026-03-20,f81404632adecc70648182abc130750a,2026-03-20T01:08:09Z,Edmonton Oilers,Florida Panthers,0,4,True
2026-03-20,eb0b43faa851ab35eb85a7822801e644,2026-03-20T02:10:00Z,Vancouver Canucks,Tampa Bay Lightning,2,6,True
2026-03-20,5aaf98eb2e787ab8f4a7b4878804631a,2026-03-20T02:10:00Z,Vegas Golden Knights,Utah Mammoth,0,4,True
2026-03-20,e55d0f25aa1221df5be1126478ac58c7,2026-03-20T02:14:00Z,San Jose Sharks,Buffalo Sabres,0,5,True
2026-03-20,45686e62dbc445766dbde5cb892c7b6a,2026-03-20T02:39:24Z,Los Angeles Kings,Philadelphia Flyers,3,4,True
2026-03-21,31cc31337a26721b24ec72ecd2a5cfbe,2026-03-20T23:08:04Z,Toronto Maple Leafs,Carolina Hurricanes,3,4,True
2026-03-21,87e89790382d13be36a66890c0ce3d98,2026-03-20T23:09:03Z,Washington Capitals,New Jersey Devils,2,1,True
2026-03-21,129c7b8c4051b81df1abd653dabc2685,2026-03-21T00:39:49Z,Chicago Blackhawks,Colorado Avalanche,1,4,True
2026-03-21,70708eff2f2b7f3aba770ae938a52f2f,2026-03-21T01:08:17Z,Calgary Flames,Florida Panthers,4,1,True
2026-03-21,31814de96d0445b29a5dc34c5ac8adec,2026-03-21T02:08:24Z,Utah Mammoth,Anaheim Ducks,1,4,True
2026-03-21,4e197c970f5fdfc0cc76ffe220a99ebe,2026-03-21T17:08:14Z,Pittsburgh Penguins,Winnipeg Jets,5,4,True
2026-03-21,36b76f4eb384eb486755ff902a06db6e,2026-03-21T18:09:18Z,Nashville Predators,Vegas Golden Knights,4,1,True
2026-03-21,9dc1a098f3ecf88662aae1e9e46e334d,2026-03-21T20:08:28Z,San Jose Sharks,Philadelphia Flyers,1,4,True
2026-03-21,d3498525ae45fd9eb50de449f25dc83a,2026-03-21T20:09:19Z,Los Angeles Kings,Buffalo Sabres,1,4,True
2026-03-21,7bbde2e4a8d0f35f70fa22c1dbcc33be,2026-03-21T20:18:34Z,Minnesota Wild,Dallas Stars,2,1,True
2026-03-21,434e6e5221fe5f525c94012fb8412991,2026-03-21T21:09:12Z,Columbus Blue Jackets,Seattle Kraken,5,2,True
2026-03-22,ebac1f10963262ca40e2e438dd36f679,2026-03-21T23:15:05Z,Vancouver Canucks,St Louis Blues,1,3,True
2026-03-22,25eae2f31db6187252d8210fc1b19e9a,2026-03-21T23:15:35Z,Ottawa Senators,Toronto Maple Leafs,5,2,True
2026-03-22,8d0c084ca171b4e25fdefe3e1840b651,2026-03-21T23:20:07Z,Montréal Canadiens,New York Islanders,7,3,True
2026-03-22,2934704c2ef1f2ea7cc1b46f8f4c1601,2026-03-22T00:15:59Z,Detroit Red Wings,Boston Bruins,2,4,True
2026-03-22,ae5fdff58a789b2ce42b8bd8af0ffb22,2026-03-22T02:10:10Z,Edmonton Oilers,Tampa Bay Lightning,2,5,True
2026-03-22,05a403a91465d9afe7c5f12297ee11cf,2026-03-22T16:08:55Z,New York Rangers,Winnipeg Jets,2,3,True
2026-03-22,1b98d6b26082933d959e8eea653a68b4,2026-03-22T16:39:00Z,Washington Capitals,Colorado Avalanche,2,3,True
2026-03-22,81c8d3193090d0ec9bdfc9f664940d72,2026-03-22T19:09:00Z,Pittsburgh Penguins,Carolina Hurricanes,1,5,True
2026-03-22,918492f7aa5fb87b18c401c5195128b4,2026-03-22T19:10:00Z,Chicago Blackhawks,Nashville Predators,2,3,True
2026-03-23,74eae0a03cd351904500214958ea2029,2026-03-22T23:10:00Z,New York Islanders,Columbus Blue Jackets,1,0,True
2026-03-23,a1b52a959624077587068140f1040844,2026-03-22T23:10:00Z,Dallas Stars,Vegas Golden Knights,2,3,True
2026-03-23,1eadd9e3836566b4d3f953be47556052,2026-03-23T00:10:00Z,Anaheim Ducks,Buffalo Sabres,6,5,True
2026-03-23,a825c6b75f8bf7501c915b59bec0ca12,2026-03-23T00:10:00Z,Calgary Flames,Tampa Bay Lightning,4,3,True
2026-03-23,88395d9fd249730549bdaf11350dbd67,2026-03-23T01:10:00Z,Utah Mammoth,Los Angeles Kings,4,3,True
2026-03-24,ad8a6f75d8948ad130c35a041d855645,2026-03-23T23:52:00Z,New York Rangers,Ottawa Senators,1,2,True
2026-03-25,8ac88260e7f6e514200daef093a10e95,2026-03-24T23:10:00Z,Boston Bruins,Toronto Maple Leafs,2,4,True
2026-03-25,b51774fa8e39ee424d20cf28862fa8e6,2026-03-24T23:10:00Z,Montréal Canadiens,Carolina Hurricanes,5,2,True
2026-03-25,e3b53c7d36e6b34c84b5d64084e8022d,2026-03-24T23:10:00Z,New York Islanders,Chicago Blackhawks,3,4,True
2026-03-25,0a39e6dffc7507394d752f81e6147615,2026-03-24T23:10:00Z,Pittsburgh Penguins,Colorado Avalanche,2,6,True
2026-03-25,3978c8cb74be58dbfd560b5a920c202e,2026-03-24T23:10:00Z,Philadelphia Flyers,Columbus Blue Jackets,2,3,True
2026-03-25,d6742168b83a5f7b60921f4a77422d4d,2026-03-24T23:10:00Z,Detroit Red Wings,Ottawa Senators,2,3,True
2026-03-25,c38fb7e74adb36818b56b38cad851d56,2026-03-24T23:10:00Z,Florida Panthers,Seattle Kraken,5,4,True
2026-03-25,c4562bec7d3dd2283876ab856c887765,2026-03-24T23:40:00Z,Tampa Bay Lightning,Minnesota Wild,6,3,True
2026-03-25,321c46ee4915d84877d9116089323e6c,2026-03-25T00:10:00Z,Dallas Stars,New Jersey Devils,4,6,True
2026-03-25,351e519c57cfbc590c31ddf7456f12fe,2026-03-25T00:10:00Z,Nashville Predators,San Jose Sharks,6,3,True
2026-03-25,a2ed97ee6dbc9d2dfa6fb42709ed3251,2026-03-25T00:10:00Z,St Louis Blues,Washington Capitals,3,0,True
2026-03-25,058954c285fbfd3f7ecc651b36c4700b,2026-03-25T00:10:00Z,Winnipeg Jets,Vegas Golden Knights,4,1,True
2026-03-25,eaa7752f14bf975ca0d695298a7f33b8,2026-03-25T01:10:00Z,Calgary Flames,Los Angeles Kings,3,2,True
2026-03-25,12f4644e10706c79b4bbc7e2ca3765be,2026-03-25T01:40:00Z,Utah Mammoth,Edmonton Oilers,2,5,True
2026-03-25,e01ce333fee77885df691ec74a3a93e7,2026-03-25T02:10:00Z,Vancouver Canucks,Anaheim Ducks,3,5,True
2026-03-26,ab6aee6f5e7e50ae68276b27c22fd0b1,2026-03-25T23:37:19Z,Buffalo Sabres,Boston Bruins,3,4,True
2026-03-26,91a31dec3fbc976904dd2e42901f5fa8,2026-03-25T23:42:03Z,Toronto Maple Leafs,New York Rangers,4,3,True
2026-03-27,e177659727b1af9292acb2a8a17a5a8a,2026-03-26T23:08:00Z,Montréal Canadiens,Columbus Blue Jackets,2,1,True
2026-03-27,63ff0b1c118990abba7fba4bdded8c57,2026-03-26T23:09:00Z,Tampa Bay Lightning,Seattle Kraken,3,4,True
2026-03-27,86b9d3367318cc518bb08f3eb5b94e7b,2026-03-26T23:10:00Z,Florida Panthers,Minnesota Wild,2,3,True
2026-03-27,8642b100ab8ed115ed6acecb443e230e,2026-03-26T23:10:00Z,Ottawa Senators,Pittsburgh Penguins,3,4,True
2026-03-27,6f154e5425ac7de91c666137975d388d,2026-03-26T23:12:00Z,New York Islanders,Dallas Stars,2,1,True
2026-03-27,0d07b0bc16914cd16d27e6efdda5709c,2026-03-26T23:13:00Z,Philadelphia Flyers,Chicago Blackhawks,5,1,True
2026-03-27,6d199999a290c76b534d073c7abfdcd7,2026-03-27T00:08:00Z,Winnipeg Jets,Colorado Avalanche,2,3,True
2026-03-27,10559c030c7293bc53b2d0f326c45262,2026-03-27T00:08:00Z,St Louis Blues,San Jose Sharks,2,1,True
2026-03-27,e22bc7bc35798e005e96cc45e87a2d42,2026-03-27T00:09:00Z,Nashville Predators,New Jersey Devils,2,4,True
2026-03-27,6fd356a13c8665331b6f21b565459901,2026-03-27T01:08:14Z,Calgary Flames,Anaheim Ducks,2,3,True
2026-03-27,3959df0512860392efd8dc3a1066f611,2026-03-27T01:08:36Z,Utah Mammoth,Washington Capitals,4,7,True
2026-03-27,f6d65306910a9e6269ab476bdfa69cb1,2026-03-27T01:45:19Z,Vegas Golden Knights,Edmonton Oilers,3,4,True
2026-03-27,cd42b2a632ccfc158be49e864b62b3c8,2026-03-27T02:08:05Z,Vancouver Canucks,Los Angeles Kings,0,4,True
2026-03-28,c8944643107edfc1012baabcaa72614c,2026-03-27T23:08:08Z,Buffalo Sabres,Detroit Red Wings,2,5,True
2026-03-28,d1b771dc57d6a0d3b0c0ec52d0b99dbf,2026-03-27T23:09:02Z,New York Rangers,Chicago Blackhawks,6,1,True
2026-03-28,394c593042fe9fe839d6c58647c093df,2026-03-28T17:06:00Z,Tampa Bay Lightning,Ottawa Senators,4,2,True
2026-03-28,9aaeedabcec3cd78e36ce1f5a44d513d,2026-03-28T17:09:00Z,New York Islanders,Florida Panthers,5,2,True
2026-03-29,f45b4166c05f76d1695468da00b89b63,2026-03-28T19:38:00Z,Edmonton Oilers,Anaheim Ducks,4,2,True
2026-03-29,0239b57a2eab58422b627445646022d5,2026-03-28T21:08:00Z,Boston Bruins,Minnesota Wild,6,3,True
2026-03-29,70c07fd4bbfc8a4b0caa8904186da57a,2026-03-28T21:08:00Z,Carolina Hurricanes,New Jersey Devils,5,2,True
2026-03-29,f3e3cc3e6294cf13fed8a7d33adc8956,2026-03-28T21:08:00Z,Pittsburgh Penguins,Dallas Stars,3,6,True
2026-03-29,05bbc266ec222eeb545ad47a2eab94e0,2026-03-28T21:09:00Z,Columbus Blue Jackets,San Jose Sharks,2,3,True
2026-03-29,bd12a6cf2fbc34af92080f5d4cb8c142,2026-03-28T21:38:12Z,Buffalo Sabres,Seattle Kraken,3,2,True
2026-03-29,8bab68b12c9382d84d3e1f0a1d58621e,2026-03-28T23:10:00Z,St Louis Blues,Toronto Maple Leafs,5,1,True
2026-03-29,a805b62b105fd0aa26de4061e2b53337,2026-03-28T23:15:00Z,Colorado Avalanche,Winnipeg Jets,2,4,True
2026-03-29,35e32918fc1dcb6bac7fcdf851867029,2026-03-28T23:15:00Z,Nashville Predators,Montréal Canadiens,1,4,True
2026-03-29,370bf3bc5ac52a0421972e9a954378f6,2026-03-29T00:21:00Z,Detroit Red Wings,Philadelphia Flyers,3,5,True
2026-03-29,01cd56053db51e1cd6f4c9ea60fc009d,2026-03-29T01:14:00Z,Los Angeles Kings,Utah Mammoth,2,6,True
2026-03-29,7f882304b0ce0db9fa478ba23ceb0ad1,2026-03-29T02:10:00Z,Calgary Flames,Vancouver Canucks,7,3,True
2026-03-29,88beeeb0b117f3587fb9311c1e81d35e,2026-03-29T02:40:00Z,Vegas Golden Knights,Washington Capitals,4,5,True
2026-03-29,234e07ca5a6aa75da94b75dabce4eade,2026-03-29T17:09:17Z,New York Rangers,Florida Panthers,3,1,True
2026-03-30,24108b60bfa8824523b3cfb70ea6fd53,2026-03-29T21:08:37Z,Carolina Hurricanes,Montréal Canadiens,1,3,True
2026-03-30,1790fa92fa3f53f9547a2114c06cfbed,2026-03-29T21:09:02Z,Tampa Bay Lightning,Nashville Predators,3,2,True
2026-03-30,709a97a11c79cdacda229a81aa0f7fdd,2026-03-29T21:09:16Z,Columbus Blue Jackets,Boston Bruins,3,4,True
2026-03-30,4b1b7e72da2cb32b6056a2feee9187c4,2026-03-29T23:08:15Z,New Jersey Devils,Chicago Blackhawks,5,3,True
2026-03-30,b221479b627d3a8d9e9aff945d63cf46,2026-03-29T23:08:52Z,Philadelphia Flyers,Dallas Stars,2,1,True
2026-03-31,0edf2e1dfaf8c8ff0b583a60913e17f8,2026-03-30T23:08:49Z,New York Islanders,Pittsburgh Penguins,3,8,True
2026-03-31,29827972b39eb13518d4cd9fd2962bbe,2026-03-31T00:45:30Z,Colorado Avalanche,Calgary Flames,9,2,True
2026-03-31,13095d16b56b868a3d8966899240afe5,2026-03-31T02:08:09Z,Anaheim Ducks,Toronto Maple Leafs,4,5,True
2026-03-31,f4d072c37cf82f7ed923377f6bbd4879,2026-03-31T02:08:21Z,San Jose Sharks,St Louis Blues,5,4,True
2026-03-31,92e007535e73b24db74fa534ef960845,2026-03-31T02:08:29Z,Vegas Golden Knights,Vancouver Canucks,4,2,True
2026-04-01,de03c565dccad66683fabb7adbde6a03,2026-03-31T23:08:16Z,Buffalo Sabres,New York Islanders,4,3,True
2026-04-01,daebb8d0910fcac722afe480770ebf09,2026-03-31T23:08:27Z,Boston Bruins,Dallas Stars,6,3,True
2026-04-01,ff972e427e6e1837407bfcfc6d64844d,2026-03-31T23:08:28Z,Pittsburgh Penguins,Detroit Red Wings,5,1,True
2026-04-01,12be8eff2290751a9e28c2cb3da3ba42,2026-03-31T23:08:36Z,Florida Panthers,Ottawa Senators,6,3,True
2026-04-01,8b316c9640300bedb485a6556bbdd1f5,2026-03-31T23:09:37Z,Tampa Bay Lightning,Montréal Canadiens,1,4,True
2026-04-01,b5c10ea05734cf28866ef55dd068ba63,2026-03-31T23:09:51Z,Washington Capitals,Philadelphia Flyers,6,4,True
2026-04-01,e8b33f9489e018bf61d55e3862f41831,2026-03-31T23:13:50Z,New York Rangers,New Jersey Devils,4,1,True
2026-04-01,ade39773836ad914294bb9660ae31a85,2026-03-31T23:39:00Z,Columbus Blue Jackets,Carolina Hurricanes,2,5,True
2026-04-01,6ab93a48138c49071cc0c76f5fa04c81,2026-04-01T00:39:04Z,Chicago Blackhawks,Winnipeg Jets,3,4,True
2026-04-01,8a5ff06eaed1de4d1a11137b32051fd8,2026-04-01T01:08:24Z,Edmonton Oilers,Seattle Kraken,3,0,True
2026-04-02,902c8f6ff45c6855541ed7cef351aed8,2026-04-02T00:43:15Z,Colorado Avalanche,Vancouver Canucks,6,8,True
2026-04-02,96ceffc5fa63fb301b4128bb29041f01,2026-04-02T01:07:31Z,San Jose Sharks,Anaheim Ducks,4,3,True
2026-04-02,643d656ddcc5756af5e6115f9f134a28,2026-04-02T01:08:53Z,Los Angeles Kings,St Louis Blues,2,1,True
2026-04-03,337ca057ae2c7187f73c3acd0744a201,2026-04-02T23:07:00Z,Florida Panthers,Boston Bruins,2,1,True
2026-04-03,8dfcddea4566e363d9f50771c615aede,2026-04-02T23:08:00Z,Ottawa Senators,Buffalo Sabres,4,1,True
2026-04-03,beca38517178597e4784b16060b4c049,2026-04-02T23:09:00Z,Tampa Bay Lightning,Pittsburgh Penguins,6,3,True
2026-04-03,f373660dedf5402b53d298932fd3b7b0,2026-04-02T23:12:00Z,Carolina Hurricanes,Columbus Blue Jackets,5,1,True
2026-04-03,a86a1fc91cde72afa2abc09c894c4795,2026-04-02T23:12:00Z,Philadelphia Flyers,Detroit Red Wings,2,4,True
2026-04-03,247cdb2add511f7fefc68ffa559c6370,2026-04-02T23:12:00Z,New York Rangers,Montréal Canadiens,2,3,True
2026-04-03,99ec77079fba15d7b1feccbe48ab9895,2026-04-02T23:38:00Z,New Jersey Devils,Washington Capitals,7,3,True
2026-04-03,01060baa72bf643120a46cda7c3e04c1,2026-04-03T00:07:00Z,Dallas Stars,Winnipeg Jets,3,0,True
2026-04-03,368adafaca3fc7fa4f0f7b7d354f21bb,2026-04-03T00:09:00Z,Minnesota Wild,Vancouver Canucks,5,2,True
2026-04-03,3962012b389d372db01b0f38a6ea361a,2026-04-03T01:08:00Z,Edmonton Oilers,Chicago Blackhawks,3,1,True
2026-04-03,008d53bdada49368316a58be02b8b6a6,2026-04-03T02:08:00Z,San Jose Sharks,Toronto Maple Leafs,4,1,True
2026-04-03,1e6e5a0666727130d468f7f5aafb900a,2026-04-03T02:08:46Z,Vegas Golden Knights,Calgary Flames,6,3,True
2026-04-03,d69c93371d04bfbb4ff6695c194ce6a6,2026-04-03T02:09:20Z,Seattle Kraken,Utah Mammoth,2,6,True
2026-04-03,800373ddaa41ee52279a143a60219336,2026-04-03T02:48:34Z,Los Angeles Kings,Nashville Predators,4,5,True
2026-04-04,1de936f832a2d7aed41e05852cacadcb,2026-04-03T23:08:32Z,New York Islanders,Philadelphia Flyers,1,4,True
2026-04-04,d45f9e5f21f7e0880b1a5c17ccf1d1c7,2026-04-04T02:08:22Z,Anaheim Ducks,St Louis Blues,2,6,True
2026-04-04,87131d2c1470ca45e97a786b1d493dd1,2026-04-04T16:40:00Z,New York Rangers,Detroit Red Wings,4,1,True
2026-04-04,ac4f66d3e9136c3cfdc9fe87dac43605,2026-04-04T17:10:00Z,Ottawa Senators,Minnesota Wild,1,4,True
2026-04-04,a383435cbbba66da650781837ddb1720,2026-04-04T19:20:00Z,Dallas Stars,Colorado Avalanche,0,2,True
2026-04-05,675b2a5b971984b9db671086c8506641,2026-04-04T21:10:00Z,Tampa Bay Lightning,Boston Bruins,3,1,True
2026-04-05,64e14f827ab380b85a4caa6d0ecf2e01,2026-04-04T21:10:00Z,Pittsburgh Penguins,Florida Panthers,9,4,True
2026-04-05,09760738a34b94ba4ba415e0bddf1247,2026-04-04T23:10:00Z,Washington Capitals,Buffalo Sabres,6,2,True
2026-04-05,af25a136197dda17504d12b2e718e064,2026-04-04T23:10:00Z,Carolina Hurricanes,New York Islanders,4,3,True
2026-04-05,dd1a78e5e92c976caf37a08360a2aafc,2026-04-04T23:10:00Z,Columbus Blue Jackets,Winnipeg Jets,1,2,True
2026-04-05,d6ba018d03f358ce5b9d7ae71dee158b,2026-04-04T23:10:00Z,New Jersey Devils,Montréal Canadiens,3,4,True
2026-04-05,c81b746ea655695add0802e3fc1e429e,2026-04-04T23:10:00Z,Vancouver Canucks,Utah Mammoth,4,7,True
2026-04-05,7768959b2f03475f8b98c0c2fb98daf2,2026-04-04T23:15:00Z,Los Angeles Kings,Toronto Maple Leafs,7,6,True
2026-04-05,4ed3c0ed86d423636d9b952394d07287,2026-04-05T02:10:00Z,Anaheim Ducks,Calgary Flames,3,5,True
2026-04-05,4ad55216cedd32a30c0f186ae9ebef8e,2026-04-05T02:10:00Z,Seattle Kraken,Chicago Blackhawks,2,4,True
2026-04-05,f9c046179b41e26a68b983a8377ec9a2,2026-04-05T02:10:00Z,San Jose Sharks,Nashville Predators,3,6,True
2026-04-05,b222a97178c30b2c7bc2338b4347790d,2026-04-05T02:17:00Z,Edmonton Oilers,Vegas Golden Knights,1,5,True
2026-04-06,c36637b0713ec3bed157fe2f29f74598,2026-04-05T17:07:29Z,Detroit Red Wings,Minnesota Wild,4,5,True
2026-04-06,d3523216577286ba8513401af981de1e,2026-04-05T19:08:08Z,Pittsburgh Penguins,Florida Panthers,5,2,True
2026-04-06,4ee0a58e1700d2f73d808677a7499755,2026-04-05T19:48:04Z,Philadelphia Flyers,Boston Bruins,2,1,True
2026-04-06,5525381fbde73b776cadf83541822b62,2026-04-05T21:08:28Z,Ottawa Senators,Carolina Hurricanes,6,3,True
2026-04-06,e9ee86ad4d39a43c99e29bc6c07b424c,2026-04-05T23:08:49Z,Montréal Canadiens,New Jersey Devils,0,3,True
2026-04-06,a47587923d1b10469803a4ec5171b621,2026-04-05T23:10:00Z,New York Rangers,Washington Capitals,8,1,True
2026-04-06,6e1c8f2b345c36cffadaf88c2bb4b58a,2026-04-06T01:46:56Z,Colorado Avalanche,St Louis Blues,2,3,True
2026-04-07,fe2964a4d81fc7d5106b2adb91a0eea7,2026-04-06T23:07:00Z,Buffalo Sabres,Tampa Bay Lightning,4,2,True
2026-04-07,6d82b1e5218e93552d9ecf472339de25,2026-04-06T23:37:00Z,Winnipeg Jets,Seattle Kraken,6,2,True
2026-04-07,8ebdedac2e58e94bed89333cd792d164,2026-04-07T02:05:00Z,San Jose Sharks,Chicago Blackhawks,3,2,True
2026-04-07,39339d355c5e85fc42b06ea3c942c5b4,2026-04-07T02:40:00Z,Los Angeles Kings,Nashville Predators,3,2,True
2026-04-08,39bc325ac739bd492dbbcaa90a2c5509,2026-04-07T23:08:25Z,Detroit Red Wings,Columbus Blue Jackets,3,4,True
2026-04-08,3f60dcfe32d694bfae603a7492b52ba8,2026-04-07T23:08:27Z,Montréal Canadiens,Florida Panthers,4,3,True
2026-04-08,bde40f819599e65e652b610e8d432443,2026-04-07T23:08:30Z,Ottawa Senators,Tampa Bay Lightning,6,2,True
2026-04-08,993d990862fb6ef19333051ac60532a8,2026-04-07T23:08:40Z,New Jersey Devils,Philadelphia Flyers,1,5,True
2026-04-08,eede7f403d57255adaf06898839877f5,2026-04-07T23:08:42Z,Carolina Hurricanes,Boston Bruins,6,5,True
2026-04-08,c8c5fb2bd5f0be83e4b00cec09880f04,2026-04-08T00:08:17Z,Dallas Stars,Calgary Flames,4,3,True
2026-04-08,407de8ffdfaaa208792ae0340562a239,2026-04-08T00:08:37Z,Minnesota Wild,Seattle Kraken,5,2,True
2026-04-08,2bd67f320d03b8425ffadedfc06b0f9d,2026-04-08T00:09:01Z,St Louis Blues,Colorado Avalanche,1,3,True
2026-04-08,9d923fbab75545cbb36a00c74a2a9ca0,2026-04-08T01:45:15Z,Utah Mammoth,Edmonton Oilers,6,5,True
2026-04-08,c05d043f37c433bbf2546bfdd8c345ae,2026-04-08T02:08:16Z,Anaheim Ducks,Nashville Predators,0,5,True
2026-04-08,c4713cf9e15a5728b9fa4f2f65a1cdcf,2026-04-08T02:08:17Z,Vancouver Canucks,Vegas Golden Knights,1,2,True
2026-04-09,6fa535997519071d94f8b99009c37323,2026-04-08T23:15:50Z,New York Rangers,Buffalo Sabres,3,5,True
2026-04-09,ddad431e590f1bcd2f9d5838a22cd080,2026-04-08T23:42:04Z,Toronto Maple Leafs,Washington Capitals,0,4,True
2026-04-09,a02ab4eeac994c0c08264e1685e2e7bc,2026-04-09T02:05:27Z,San Jose Sharks,Edmonton Oilers,2,5,True
2026-04-10,fb766e54b0a14ca21d484c5e8ddc3591,2026-04-09T22:53:27Z,New York Islanders,Toronto Maple Leafs,5,3,True
2026-04-10,75835360f31f3ff85dc9b062c3e8da53,2026-04-09T23:08:21Z,Ottawa Senators,Florida Panthers,5,1,True
2026-04-10,c97e180419eb29cd5e3234e483c0bc4e,2026-04-09T23:08:37Z,Montréal Canadiens,Tampa Bay Lightning,2,1,True
2026-04-10,43a055110fcbee75aac3e44262272fa4,2026-04-09T23:08:40Z,New Jersey Devils,Pittsburgh Penguins,2,5,True
2026-04-10,91b731ceb12765cc2cf31bc88c62ddcc,2026-04-09T23:12:22Z,Buffalo Sabres,Columbus Blue Jackets,5,0,True
2026-04-10,dc243d1b2411a10113098df0ba8dff78,2026-04-09T23:12:34Z,Detroit Red Wings,Philadelphia Flyers,6,3,True
2026-04-10,b4e3dc83eb1af79a503eec940e778634,2026-04-10T00:08:26Z,St Louis Blues,Winnipeg Jets,2,3,True
2026-04-10,e675fb92144f6351784a23641d216a85,2026-04-10T00:38:53Z,Chicago Blackhawks,Carolina Hurricanes,2,7,True
2026-04-10,d48a33067b0606510eded93556c2e7ca,2026-04-10T01:08:36Z,Utah Mammoth,Nashville Predators,4,1,True
2026-04-10,f255a0384f562221ddf3d6fe476f711c,2026-04-10T01:08:48Z,Dallas Stars,Minnesota Wild,5,4,True
2026-04-10,c3a2149dc9e1d5fecaaa643deb3f7ce0,2026-04-10T01:08:51Z,Colorado Avalanche,Calgary Flames,3,1,True
2026-04-10,0733f00e907520c4ea82951ff14d8a13,2026-04-10T02:08:12Z,Anaheim Ducks,San Jose Sharks,6,1,True
2026-04-10,909695e38b1570b08da7d4636db2d775,2026-04-10T02:08:52Z,Seattle Kraken,Vegas Golden Knights,4,3,True
2026-04-10,70acbfc016bd945470b87f3799a0650f,2026-04-10T02:39:43Z,Los Angeles Kings,Vancouver Canucks,4,1,True
2026-04-12,b9f8b0e5f73a2b853613de9f9349f802,2026-04-11T16:38:00Z,Boston Bruins,Tampa Bay Lightning,1,2,True
2026-04-12,705a57dffd10478fbab59b211c54ee19,2026-04-11T17:08:00Z,New York Islanders,Ottawa Senators,0,3,True
2026-04-12,6b7f5c39f42d1d9e4091b0c5f011711e,2026-04-11T19:20:00Z,Pittsburgh Penguins,Washington Capitals,3,6,True
2026-04-12,c41c5268371cb927b4a4817e53ebe98c,2026-04-11T20:08:00Z,Los Angeles Kings,Edmonton Oilers,1,0,True
2026-04-12,5ef60096243b0d089602fdf1f288c8bb,2026-04-11T21:08:39Z,Dallas Stars,New York Rangers,2,0,True
2026-04-12,71e645a6f544e0eb4543265a1613ca61,2026-04-11T21:08:46Z,Nashville Predators,Minnesota Wild,2,1,True
2026-04-12,7fe1fbea33dee61b8d438e780410bdb4,2026-04-11T21:08:49Z,Utah Mammoth,Carolina Hurricanes,1,4,True
2026-04-12,1202108d90d74b3dcae725f88457dd39,2026-04-11T21:08:50Z,Chicago Blackhawks,St Louis Blues,3,5,True
2026-04-12,a3ce07b80e1bdb4c4be7fead2bc1bb34,2026-04-11T21:08:56Z,Detroit Red Wings,New Jersey Devils,3,5,True
2026-04-12,eebb39173865292b81fa96bc35dfb2da,2026-04-11T23:15:02Z,Toronto Maple Leafs,Florida Panthers,2,6,True
2026-04-12,f8cbbebc53cf688786fb747d110376c4,2026-04-11T23:15:23Z,Seattle Kraken,Calgary Flames,4,1,True
2026-04-12,bc41d925859e950fdee85ddc0d04f5f7,2026-04-11T23:15:35Z,Montréal Canadiens,Columbus Blue Jackets,2,5,True
2026-04-12,6916a35afd0031cd8bac65ce41826fb8,2026-04-11T23:15:40Z,Winnipeg Jets,Philadelphia Flyers,1,7,True
2026-04-12,589e8e7f45909b6c4b71110f0aa61d3b,2026-04-12T00:16:03Z,Colorado Avalanche,Vegas Golden Knights,2,3,True
2026-04-12,0b2041c964c8c6d47aa6eb31e9095564,2026-04-12T02:15:24Z,San Jose Sharks,Vancouver Canucks,3,4,True
2026-04-13,eb2e9eeee862cc6668c7304236c8b6a2,2026-04-12T19:10:00Z,Washington Capitals,Pittsburgh Penguins,3,0,True
2026-04-13,89ad13fce8722c03cc9adfd62246b139,2026-04-12T22:08:17Z,New York Islanders,Montréal Canadiens,1,4,True
2026-04-13,1d4358a4cd2a67836ece95826721475d,2026-04-12T22:08:49Z,Columbus Blue Jackets,Boston Bruins,2,3,True
2026-04-13,ed6cfdc51af955fef6aef5a50b31a653,2026-04-12T23:08:45Z,New Jersey Devils,Ottawa Senators,4,3,True
2026-04-13,85a783c58b0e8c374840728506c370ce,2026-04-13T00:12:38Z,Anaheim Ducks,Vancouver Canucks,3,4,True
2026-04-13,89b1cd5af8c961cacf717aa39b626f47,2026-04-13T01:08:19Z,Calgary Flames,Utah Mammoth,4,1,True
2026-04-14,71a2a22f2aeb6a68b093f9d31ffe835a,2026-04-13T23:08:57Z,Florida Panthers,New York Rangers,3,2,True
2026-04-14,efd342f9176c794b9effd595260264d0,2026-04-13T23:09:09Z,Philadelphia Flyers,Carolina Hurricanes,3,2,True
2026-04-14,f85edd1853a7f222a98966be1584348d,2026-04-13T23:09:33Z,Tampa Bay Lightning,Detroit Red Wings,4,3,True
2026-04-14,7c23e65aed95672326f5b51d78a18746,2026-04-13T23:45:04Z,Toronto Maple Leafs,Dallas Stars,5,6,True
2026-04-14,3f7ae1ea8cc82f1934f0db4da52eb8cb,2026-04-14T00:08:28Z,St Louis Blues,Minnesota Wild,6,3,True
2026-04-14,472be2fa83d65418ccd23cfe75d5ae49,2026-04-14T00:09:05Z,Nashville Predators,San Jose Sharks,2,3,True
2026-04-14,543fd68bbc58d6300577c48ced1fe675,2026-04-14T00:38:57Z,Chicago Blackhawks,Buffalo Sabres,1,5,True
2026-04-14,63a04dd550f7203005f749be9394826c,2026-04-14T01:38:05Z,Edmonton Oilers,Colorado Avalanche,1,2,True
2026-04-14,a4e642bde213d01b2ee7c67659ab1b7f,2026-04-14T01:40:17Z,Seattle Kraken,Los Angeles Kings,3,5,True
2026-04-14,02cd436c4433adc651fc51ef06898b6d,2026-04-14T02:08:50Z,Vegas Golden Knights,Winnipeg Jets,6,2,True
2026-04-15,fe7dc6268aa33b2db407b7fc8225779d,2026-04-14T23:08:23Z,Boston Bruins,New Jersey Devils,4,0,True
2026-04-15,c5183f20670c0165bbc80f9c43145e9c,2026-04-14T23:08:48Z,New York Islanders,Carolina Hurricanes,1,2,True
2026-04-15,7fec03ec7dd616e297e93e176f87b761,2026-04-14T23:08:51Z,Philadelphia Flyers,Montréal Canadiens,4,2,True
2026-04-15,d1584d51876615dbdd70d6b5f29ea77d,2026-04-14T23:08:53Z,Columbus Blue Jackets,Washington Capitals,1,2,True
2026-04-15,d98f95763dabfa28c6fbe9b9cbb5d5fb,2026-04-15T00:10:49Z,Minnesota Wild,Anaheim Ducks,3,2,True
2026-04-15,b051baa705c134e97ed62acc5754d71a,2026-04-15T01:08:08Z,Calgary Flames,Colorado Avalanche,1,3,True
2026-04-15,eddd0daf23e8cb700d1bf764bab4e4d6,2026-04-15T01:08:14Z,Utah Mammoth,Winnipeg Jets,5,3,True
2026-04-15,3e0abbe52fa5655dea933eae959c06da,2026-04-15T01:46:17Z,St Louis Blues,Pittsburgh Penguins,7,5,True
2026-04-15,7b0380f27550cb8fe448fe638e0f94e1,2026-04-15T02:08:07Z,Vancouver Canucks,Los Angeles Kings,4,3,True
2026-04-16,c36f011df8ff2ff994bb46373c5831ea,2026-04-15T23:07:45Z,Buffalo Sabres,Dallas Stars,3,4,True
2026-04-16,aab12987f6385f068a9b1c6feb785ecc,2026-04-15T23:08:56Z,Florida Panthers,Detroit Red Wings,8,1,True
2026-04-16,7db68d6db2127f93ee8278eca727ff32,2026-04-15T23:09:17Z,Tampa Bay Lightning,New York Rangers,2,4,True
2026-04-16,ecf6c5f973a42e5dcd559cd2ac2e0d3a,2026-04-15T23:42:00Z,Ottawa Senators,Toronto Maple Leafs,3,1,True
2026-04-16,c6dc2eb7ca9bcce1e2735b4673fc88b1,2026-04-16T00:38:55Z,Chicago Blackhawks,San Jose Sharks,5,2,True
2026-04-16,95e2cb9751126776827294c1530f4823,2026-04-16T02:08:48Z,Vegas Golden Knights,Seattle Kraken,4,1,True
2026-04-17,2aa3249b78d693529c951547a82f134f,2026-04-16T23:30:00Z,Utah Mammoth,St Louis Blues,3,5,True
2026-04-17,112a39ac7f4a08fcb78fe38362f343ed,2026-04-17T00:00:00Z,Nashville Predators,Anaheim Ducks,4,5,True
2026-04-17,72aacc9aeb0595468a61d147df27e838,2026-04-17T00:00:00Z,Winnipeg Jets,San Jose Sharks,1,6,True
2026-04-17,88586e525b98a2c062f1f6d75e8d0fe1,2026-04-17T01:00:00Z,Calgary Flames,Los Angeles Kings,3,1,True
2026-04-17,9d37384a47dfd1b17638086559bb3726,2026-04-17T01:11:00Z,Edmonton Oilers,Vancouver Canucks,6,1,True
2026-04-17,96784cc6006a3540914823666e6561d1,2026-04-17T02:21:23Z,Colorado Avalanche,Seattle Kraken,2,0,True
2026-04-19,76d3bd29c4c5d001c2404fb6d3010c36,2026-04-18T19:20:47Z,Carolina Hurricanes,Ottawa Senators,2,0,True
2026-04-19,ccf74c5469950496a135719b827ce942,2026-04-18T21:50:00Z,Dallas Stars,Minnesota Wild,1,6,True
2026-04-19,7de0e0d303dfec588c53877e7150225b,2026-04-19T00:25:26Z,Pittsburgh Penguins,Philadelphia Flyers,2,3,True
2026-04-20,56ea1b51afea8960ca60b6d48714a1a3,2026-04-19T19:10:39Z,Colorado Avalanche,Los Angeles Kings,2,1,True
2026-04-20,bedd26005f98ad01c4994501ba28ddf3,2026-04-19T21:55:00Z,Tampa Bay Lightning,Montréal Canadiens,3,4,True
2026-04-20,e9eba9dd49f3a5847fe4689a6014e1c0,2026-04-19T23:45:03Z,Buffalo Sabres,Boston Bruins,4,3,True
2026-04-20,bd7a28ff5a090949dde37ef2292ead64,2026-04-20T02:25:00Z,Vegas Golden Knights,Utah Mammoth,4,2,True
2026-04-21,c6747886204aa9fee72f8f417533d92d,2026-04-20T23:10:17Z,Pittsburgh Penguins,Philadelphia Flyers,0,3,True
2026-04-21,f8d13ed95a66c1dc6b5999ccab91bd36,2026-04-20T23:43:00Z,Carolina Hurricanes,Ottawa Senators,3,2,True
2026-04-21,f9880d72af7d608cd1aaa81db25e2604,2026-04-21T01:50:40Z,Dallas Stars,Minnesota Wild,4,2,True
2026-04-21,dae0fa13fc78fd0dde5c02e1626ff783,2026-04-21T02:22:38Z,Edmonton Oilers,Anaheim Ducks,4,3,True
2026-04-22,1d633a4529dd3295143cce78465e6313,2026-04-21T23:13:32Z,Tampa Bay Lightning,Montréal Canadiens,3,2,True
2026-04-22,dd192d18a37648709a73ed89dfbf6c26,2026-04-21T23:42:16Z,Buffalo Sabres,Boston Bruins,2,4,True
2026-04-22,2aad80ef484a176946601aba6b11c312,2026-04-22T01:52:40Z,Vegas Golden Knights,Utah Mammoth,2,3,True
2026-04-22,f2408a67fccdac7c1dd7821143e730c6,2026-04-22T02:22:37Z,Colorado Avalanche,Los Angeles Kings,2,1,True
2026-04-23,f0b24d77783a06281b031dd344143437,2026-04-22T23:10:19Z,Philadelphia Flyers,Pittsburgh Penguins,5,2,True
2026-04-23,5f5b84958bdfdccd00b3c51b7c26f1a1,2026-04-23T01:55:00Z,Minnesota Wild,Dallas Stars,3,4,True
2026-04-23,36ed21131d3e0f66cdddfaf605807019,2026-04-23T02:10:37Z,Edmonton Oilers,Anaheim Ducks,4,6,True
2026-04-24,d618bdbd532e173a5e9e0f985de4af4c,2026-04-23T23:11:08Z,Boston Bruins,Buffalo Sabres,1,3,True
2026-04-24,51287ae15947cf3f02665904d8b8be9d,2026-04-23T23:40:38Z,Ottawa Senators,Carolina Hurricanes,1,2,True
2026-04-24,524a4ecbfee90fb1259c3e30014629ab,2026-04-24T02:15:00Z,Los Angeles Kings,Colorado Avalanche,2,4,True
2026-04-25,ae9003a3e6fcbb6dcb1aa2bb4ce6947a,2026-04-24T23:16:44Z,Montréal Canadiens,Tampa Bay Lightning,3,2,True
2026-04-25,863fdb33769ad2bb155134384e205a7a,2026-04-25T01:40:43Z,Utah Mammoth,Vegas Golden Knights,4,2,True
2026-04-25,e2d2c01a1afa073fc70698a37554c36e,2026-04-25T02:11:41Z,Anaheim Ducks,Edmonton Oilers,7,4,True
2026-04-26,ba2e152d04d7eb0f5891169a17d654d6,2026-04-25T19:15:00Z,Ottawa Senators,Carolina Hurricanes,2,4,True
2026-04-26,6031286e148baa9052fdb432c6534b8e,2026-04-25T21:46:08Z,Minnesota Wild,Dallas Stars,3,2,True
2026-04-26,63dc13d149982e8f2c908b42b236c912,2026-04-26T00:22:00Z,Philadelphia Flyers,Pittsburgh Penguins,2,4,True
